InventoryID,ProductID,WarehouseID,QuantityAvailable
1,IN33AlwWEB,1,25
2,IN34FulMtr,2,121
3,IN34OthMtr,3,252
4,IN452LeaGraph,4,454
5,IN10OnCPU,5,252
6,IN452KeeGraph,6,15
7,IN45InPntr,7,281
8,IN678CuRotr,8,413
9,IN68ParPROCESR,9,484
10,IN33StrWEB,10,94
11,IN32Li-Key,11,24
12,IN12TeaMou,12,178
13,IN45Casply,13,242
14,IN678UnRotr,14,23
15,IN453Meedriv,15,221
16,IN34SenMtr,16,448
17,IN678CaRotr,17,434
18,IN32Wh-Key,18,79
19,IN34GovMtr,19,484
20,IN98NeaADA,20,226
21,IN678EvRotr,21,456
22,IN34ThiMtr,22,177
23,IN34HeaMtr,23,89
24,IN98Be ADA,24,227
25,IN98FasADA,25,174
26,IN345UsuRAM,26,274
27,IN10CoCPU,27,484
28,IN34IntMtr,28,13
29,IN34SucMtr,29,267
30,IN44HuMtrbrd,30,96
31,IN45Clsply,31,88
32,IN378ReaMDM,32,102
33,IN44SaMtrbrd,33,21
34,IN33ParSCNR,34,491
35,IN12FacMou,35,289
36,IN45MePntr,36,64
37,IN44PuMtrbrd,37,236
38,IN55FulGpu,38,322
39,IN12LatMou,39,344
40,IN68ManPROCESR,40,346
41,IN12AnyMou,41,241
42,IN678RaRotr,42,212
43,IN32Re-Key,43,497
44,IN62ReHDD,44,200
45,IN378EcoMDM,45,485
46,IN56TuSSD,46,282
47,IN345AllRAM,47,94
48,IN45UpPntr,48,270
49,IN33AllWEB,49,187
50,IN453Hotdriv,50,157
51,IN452AssGraph,51,107
52,IN32Ap-Key,52,37
53,IN56StSSD,53,264
54,IN56AdSSD,54,401
55,IN32We-Key,55,481
56,IN345AskFAN,56,362
57,IN68IndPROCESR,57,277
58,IN33SucWEB,58,77
59,IN34BilMtr,59,288
60,IN55CenGpu,60,385
61,IN45Lesply,61,229
62,IN10ReCPU,62,272
63,IN345GirRAM,63,312
64,IN32St-Key,64,58
65,IN45Stsply,65,402
66,IN62AgHDD,66,307
67,IN45Spsply,67,19
68,IN378AnoMDM,68,465
69,IN45Resply,69,120
70,IN55EarGpu,70,153
71,IN452AttGraph,71,456
72,IN453Me driv,72,200
73,IN12AffMou,73,40
74,IN678YeRotr,74,71
75,IN44TeMtrbrd,75,58
76,IN12PopMou,76,182
77,IN45PrPntr,77,346
78,IN45Sosply,78,302
79,IN33CouSCNR,79,301
80,IN12WheMou,80,269
81,IN452BigGraph,81,280
82,IN32Pr-Key,82,332
83,IN98FutADA,83,139
84,IN345DemFAN,84,279
85,IN55CloGpu,85,463
86,IN345RocRAM,86,60
87,IN62OnHDD,87,151
88,IN345TotFAN,88,240
89,IN33DroSCNR,89,309
90,IN32Wr-Key,90,2
91,IN45OnPntr,91,50
92,IN56MeSSD,92,6
93,IN55TerGpu,93,259
94,IN32Ac-Key,94,112
95,IN34EmpMtr,95,462
96,IN98KeeADA,96,422
97,IN33AlwWEB,97,363
98,IN34FulMtr,98,89
99,IN34OthMtr,99,423
100,IN452LeaGraph,100,448
101,IN10OnCPU,1,106
102,IN452KeeGraph,2,486
103,IN45InPntr,3,419
104,IN678CuRotr,4,411
105,IN68ParPROCESR,5,403
106,IN33StrWEB,6,300
107,IN32Li-Key,7,424
108,IN12TeaMou,8,365
109,IN45Casply,9,280
110,IN678UnRotr,10,287
111,IN453Meedriv,11,420
112,IN34SenMtr,12,14
113,IN678CaRotr,13,482
114,IN32Wh-Key,14,456
115,IN34GovMtr,15,308
116,IN98NeaADA,16,277
117,IN678EvRotr,17,113
118,IN34ThiMtr,18,133
119,IN34HeaMtr,19,446
120,IN98Be ADA,20,137
121,IN98FasADA,21,460
122,IN345UsuRAM,22,153
123,IN10CoCPU,23,249
124,IN34IntMtr,24,500
125,IN34SucMtr,25,380
126,IN44HuMtrbrd,26,403
127,IN45Clsply,27,161
128,IN378ReaMDM,28,211
129,IN44SaMtrbrd,29,389
130,IN33ParSCNR,30,176
131,IN12FacMou,31,302
132,IN45MePntr,32,27
133,IN44PuMtrbrd,33,388
134,IN55FulGpu,34,157
135,IN12LatMou,35,304
136,IN68ManPROCESR,36,27
137,IN12AnyMou,37,454
138,IN678RaRotr,38,57
139,IN32Re-Key,39,366
140,IN62ReHDD,40,133
141,IN378EcoMDM,41,351
142,IN56TuSSD,42,240
143,IN345AllRAM,43,450
144,IN45UpPntr,44,270
145,IN33AllWEB,45,477
146,IN453Hotdriv,46,403
147,IN452AssGraph,47,149
148,IN32Ap-Key,48,413
149,IN56StSSD,49,203
150,IN56AdSSD,50,63
151,IN32We-Key,51,334
152,IN345AskFAN,52,215
153,IN68IndPROCESR,53,343
154,IN33SucWEB,54,471
155,IN34BilMtr,55,134
156,IN55CenGpu,56,430
157,IN45Lesply,57,222
158,IN10ReCPU,58,491
159,IN345GirRAM,59,29
160,IN32St-Key,60,440
161,IN45Stsply,61,239
162,IN62AgHDD,62,131
163,IN45Spsply,63,493
164,IN378AnoMDM,64,288
165,IN45Resply,65,63
166,IN55EarGpu,66,244
167,IN452AttGraph,67,76
168,IN453Me driv,68,317
169,IN12AffMou,69,60
170,IN678YeRotr,70,477
171,IN44TeMtrbrd,71,133
172,IN12PopMou,72,333
173,IN45PrPntr,73,15
174,IN45Sosply,74,497
175,IN33CouSCNR,75,52
176,IN12WheMou,76,361
177,IN452BigGraph,77,209
178,IN32Pr-Key,78,201
179,IN98FutADA,79,41
180,IN345DemFAN,80,247
181,IN55CloGpu,81,418
182,IN345RocRAM,82,88
183,IN62OnHDD,83,54
184,IN345TotFAN,84,352
185,IN33DroSCNR,85,358
186,IN32Wr-Key,86,388
187,IN45OnPntr,87,65
188,IN56MeSSD,88,167
189,IN55TerGpu,89,79
190,IN32Ac-Key,90,174
191,IN34EmpMtr,91,88
192,IN98KeeADA,92,192
193,IN33AlwWEB,93,194
194,IN34FulMtr,94,463
195,IN34OthMtr,95,458
196,IN452LeaGraph,96,396
197,IN10OnCPU,97,442
198,IN452KeeGraph,98,433
199,IN45InPntr,99,305
200,IN678CuRotr,100,2
201,IN68ParPROCESR,1,232
202,IN33StrWEB,2,364
203,IN32Li-Key,3,99
204,IN12TeaMou,4,196
205,IN45Casply,5,213
206,IN678UnRotr,6,164
207,IN453Meedriv,7,284
208,IN34SenMtr,8,35
209,IN678CaRotr,9,197
210,IN32Wh-Key,10,481
211,IN34GovMtr,11,15
212,IN98NeaADA,12,186
213,IN678EvRotr,13,12
214,IN34ThiMtr,14,105
215,IN34HeaMtr,15,468
216,IN98Be ADA,16,292
217,IN98FasADA,17,181
218,IN345UsuRAM,18,464
219,IN10CoCPU,19,189
220,IN34IntMtr,20,341
221,IN34SucMtr,21,212
222,IN44HuMtrbrd,22,276
223,IN45Clsply,23,383
224,IN378ReaMDM,24,168
225,IN44SaMtrbrd,25,498
226,IN33ParSCNR,26,180
227,IN12FacMou,27,275
228,IN45MePntr,28,22
229,IN44PuMtrbrd,29,94
230,IN55FulGpu,30,15
231,IN12LatMou,31,321
232,IN68ManPROCESR,32,355
233,IN12AnyMou,33,187
234,IN678RaRotr,34,131
235,IN32Re-Key,35,498
236,IN62ReHDD,36,71
237,IN378EcoMDM,37,18
238,IN56TuSSD,38,27
239,IN345AllRAM,39,204
240,IN45UpPntr,40,367
241,IN33AllWEB,41,449
242,IN453Hotdriv,42,4
243,IN452AssGraph,43,357
244,IN32Ap-Key,44,39
245,IN56StSSD,45,337
246,IN56AdSSD,46,424
247,IN32We-Key,47,443
248,IN345AskFAN,48,305
249,IN68IndPROCESR,49,349
250,IN33SucWEB,50,206
251,IN34BilMtr,51,364
252,IN55CenGpu,52,172
253,IN45Lesply,53,349
254,IN10ReCPU,54,51
255,IN345GirRAM,55,115
256,IN32St-Key,56,107
257,IN45Stsply,57,113
258,IN62AgHDD,58,103
259,IN45Spsply,59,399
260,IN378AnoMDM,60,17
261,IN45Resply,61,278
262,IN55EarGpu,62,344
263,IN452AttGraph,63,374
264,IN453Me driv,64,187
265,IN12AffMou,65,26
266,IN678YeRotr,66,75
267,IN44TeMtrbrd,67,387
268,IN12PopMou,68,15
269,IN45PrPntr,69,291
270,IN45Sosply,70,312
271,IN33CouSCNR,71,250
272,IN12WheMou,72,352
273,IN452BigGraph,73,168
274,IN32Pr-Key,74,494
275,IN98FutADA,75,252
276,IN345DemFAN,76,132
277,IN55CloGpu,77,473
278,IN345RocRAM,78,13
279,IN62OnHDD,79,318
280,IN345TotFAN,80,445
281,IN33DroSCNR,81,275
282,IN32Wr-Key,82,456
283,IN45OnPntr,83,55
284,IN56MeSSD,84,453
285,IN55TerGpu,85,414
286,IN32Ac-Key,86,112
287,IN34EmpMtr,87,257
288,IN98KeeADA,88,89
289,IN33AlwWEB,89,286
290,IN34FulMtr,90,241
291,IN34OthMtr,91,189
292,IN452LeaGraph,92,61
293,IN10OnCPU,93,339
294,IN452KeeGraph,94,272
295,IN45InPntr,95,193
296,IN678CuRotr,96,41
297,IN68ParPROCESR,97,203
298,IN33StrWEB,98,419
299,IN32Li-Key,99,205
300,IN12TeaMou,100,172
301,IN45Casply,1,490
302,IN678UnRotr,2,114
303,IN453Meedriv,3,212
304,IN34SenMtr,4,70
305,IN678CaRotr,5,294
306,IN32Wh-Key,6,330
307,IN34GovMtr,7,436
308,IN98NeaADA,8,224
309,IN678EvRotr,9,385
310,IN34ThiMtr,10,136
311,IN34HeaMtr,11,431
312,IN98Be ADA,12,204
313,IN98FasADA,13,3
314,IN345UsuRAM,14,461
315,IN10CoCPU,15,308
316,IN34IntMtr,16,331
317,IN34SucMtr,17,375
318,IN44HuMtrbrd,18,159
319,IN45Clsply,19,132
320,IN378ReaMDM,20,421
321,IN44SaMtrbrd,21,159
322,IN33ParSCNR,22,494
323,IN12FacMou,23,101
324,IN45MePntr,24,183
325,IN44PuMtrbrd,25,309
326,IN55FulGpu,26,26
327,IN12LatMou,27,238
328,IN68ManPROCESR,28,50
329,IN12AnyMou,29,410
330,IN678RaRotr,30,168
331,IN32Re-Key,31,242
332,IN62ReHDD,32,83
333,IN378EcoMDM,33,17
334,IN56TuSSD,34,495
335,IN345AllRAM,35,2
336,IN45UpPntr,36,139
337,IN33AllWEB,37,452
338,IN453Hotdriv,38,116
339,IN452AssGraph,39,292
340,IN32Ap-Key,40,226
341,IN56StSSD,41,49
342,IN56AdSSD,42,393
343,IN32We-Key,43,106
344,IN345AskFAN,44,121
345,IN68IndPROCESR,45,83
346,IN33SucWEB,46,245
347,IN34BilMtr,47,176
348,IN55CenGpu,48,282
349,IN45Lesply,49,240
350,IN10ReCPU,50,452
351,IN345GirRAM,51,334
352,IN32St-Key,52,408
353,IN45Stsply,53,373
354,IN62AgHDD,54,331
355,IN45Spsply,55,79
356,IN378AnoMDM,56,162
357,IN45Resply,57,288
358,IN55EarGpu,58,26
359,IN452AttGraph,59,76
360,IN453Me driv,60,248
361,IN12AffMou,61,234
362,IN678YeRotr,62,176
363,IN44TeMtrbrd,63,307
364,IN12PopMou,64,380
365,IN45PrPntr,65,62
366,IN45Sosply,66,112
367,IN33CouSCNR,67,226
368,IN12WheMou,68,52
369,IN452BigGraph,69,451
370,IN32Pr-Key,70,228
371,IN98FutADA,71,441
372,IN345DemFAN,72,120
373,IN55CloGpu,73,466
374,IN345RocRAM,74,475
375,IN62OnHDD,75,162
376,IN345TotFAN,76,86
377,IN33DroSCNR,77,444
378,IN32Wr-Key,78,150
379,IN45OnPntr,79,469
380,IN56MeSSD,80,258
381,IN55TerGpu,81,121
382,IN32Ac-Key,82,375
383,IN34EmpMtr,83,126
384,IN98KeeADA,84,114
385,IN33AlwWEB,85,497
386,IN34FulMtr,86,189
387,IN34OthMtr,87,226
388,IN452LeaGraph,88,364
389,IN10OnCPU,89,140
390,IN452KeeGraph,90,211
391,IN45InPntr,91,375
392,IN678CuRotr,92,400
393,IN68ParPROCESR,93,214
394,IN33StrWEB,94,396
395,IN32Li-Key,95,74
396,IN12TeaMou,96,20
397,IN45Casply,97,302
398,IN678UnRotr,98,82
399,IN453Meedriv,99,22
400,IN34SenMtr,100,106
401,IN678CaRotr,1,87
402,IN32Wh-Key,2,391
403,IN34GovMtr,3,307
404,IN98NeaADA,4,191
405,IN678EvRotr,5,81
406,IN34ThiMtr,6,67
407,IN34HeaMtr,7,233
408,IN98Be ADA,8,169
409,IN98FasADA,9,354
410,IN345UsuRAM,10,209
411,IN10CoCPU,11,430
412,IN34IntMtr,12,376
413,IN34SucMtr,13,314
414,IN44HuMtrbrd,14,109
415,IN45Clsply,15,193
416,IN378ReaMDM,16,482
417,IN44SaMtrbrd,17,259
418,IN33ParSCNR,18,80
419,IN12FacMou,19,286
420,IN45MePntr,20,259
421,IN44PuMtrbrd,21,270
422,IN55FulGpu,22,436
423,IN12LatMou,23,338
424,IN68ManPROCESR,24,420
425,IN12AnyMou,25,425
426,IN678RaRotr,26,460
427,IN32Re-Key,27,395
428,IN62ReHDD,28,427
429,IN378EcoMDM,29,214
430,IN56TuSSD,30,430
431,IN345AllRAM,31,228
432,IN45UpPntr,32,205
433,IN33AllWEB,33,289
434,IN453Hotdriv,34,432
435,IN452AssGraph,35,322
436,IN32Ap-Key,36,414
437,IN56StSSD,37,382
438,IN56AdSSD,38,359
439,IN32We-Key,39,215
440,IN345AskFAN,40,362
441,IN68IndPROCESR,41,222
442,IN33SucWEB,42,251
443,IN34BilMtr,43,262
444,IN55CenGpu,44,130
445,IN45Lesply,45,290
446,IN10ReCPU,46,231
447,IN345GirRAM,47,120
448,IN32St-Key,48,303
449,IN45Stsply,49,419
450,IN62AgHDD,50,223
451,IN45Spsply,51,274
452,IN378AnoMDM,52,455
453,IN45Resply,53,328
454,IN55EarGpu,54,318
455,IN452AttGraph,55,38
456,IN453Me driv,56,160
457,IN12AffMou,57,3
458,IN678YeRotr,58,330
459,IN44TeMtrbrd,59,270
460,IN12PopMou,60,84
461,IN45PrPntr,61,95
462,IN45Sosply,62,157
463,IN33CouSCNR,63,302
464,IN12WheMou,64,387
465,IN452BigGraph,65,351
466,IN32Pr-Key,66,254
467,IN98FutADA,67,114
468,IN345DemFAN,68,256
469,IN55CloGpu,69,107
470,IN345RocRAM,70,90
471,IN62OnHDD,71,74
472,IN345TotFAN,72,211
473,IN33DroSCNR,73,206
474,IN32Wr-Key,74,235
475,IN45OnPntr,75,170
476,IN56MeSSD,76,338
477,IN55TerGpu,77,118
478,IN32Ac-Key,78,228
479,IN34EmpMtr,79,315
480,IN98KeeADA,80,34
481,IN33AlwWEB,81,79
482,IN34FulMtr,82,276
483,IN34OthMtr,83,158
484,IN452LeaGraph,84,19
485,IN10OnCPU,85,338
486,IN452KeeGraph,86,159
487,IN45InPntr,87,21
488,IN678CuRotr,88,460
489,IN68ParPROCESR,89,168
490,IN33StrWEB,90,268
491,IN32Li-Key,91,104
492,IN12TeaMou,92,456
493,IN45Casply,93,196
494,IN678UnRotr,94,382
495,IN453Meedriv,95,41
496,IN34SenMtr,96,116
497,IN678CaRotr,97,226
498,IN32Wh-Key,98,354
499,IN34GovMtr,99,460
500,IN98NeaADA,100,119
501,IN678EvRotr,1,203
502,IN34ThiMtr,2,491
503,IN34HeaMtr,3,270
504,IN98Be ADA,4,455
505,IN98FasADA,5,202
506,IN345UsuRAM,6,105
507,IN10CoCPU,7,419
508,IN34IntMtr,8,124
509,IN34SucMtr,9,495
510,IN44HuMtrbrd,10,250
511,IN45Clsply,11,24
512,IN378ReaMDM,12,291
513,IN44SaMtrbrd,13,422
514,IN33ParSCNR,14,379
515,IN12FacMou,15,273
516,IN45MePntr,16,86
517,IN44PuMtrbrd,17,438
518,IN55FulGpu,18,466
519,IN12LatMou,19,408
520,IN68ManPROCESR,20,398
521,IN12AnyMou,21,103
522,IN678RaRotr,22,288
523,IN32Re-Key,23,138
524,IN62ReHDD,24,66
525,IN378EcoMDM,25,285
526,IN56TuSSD,26,269
527,IN345AllRAM,27,499
528,IN45UpPntr,28,396
529,IN33AllWEB,29,341
530,IN453Hotdriv,30,294
531,IN452AssGraph,31,105
532,IN32Ap-Key,32,479
533,IN56StSSD,33,13
534,IN56AdSSD,34,405
535,IN32We-Key,35,442
536,IN345AskFAN,36,225
537,IN68IndPROCESR,37,326
538,IN33SucWEB,38,396
539,IN34BilMtr,39,160
540,IN55CenGpu,40,115
541,IN45Lesply,41,162
542,IN10ReCPU,42,347
543,IN345GirRAM,43,230
544,IN32St-Key,44,218
545,IN45Stsply,45,397
546,IN62AgHDD,46,286
547,IN45Spsply,47,49
548,IN378AnoMDM,48,207
549,IN45Resply,49,34
550,IN55EarGpu,50,493
551,IN452AttGraph,51,160
552,IN453Me driv,52,470
553,IN12AffMou,53,16
554,IN678YeRotr,54,307
555,IN44TeMtrbrd,55,415
556,IN12PopMou,56,239
557,IN45PrPntr,57,291
558,IN45Sosply,58,317
559,IN33CouSCNR,59,288
560,IN12WheMou,60,164
561,IN452BigGraph,61,374
562,IN32Pr-Key,62,316
563,IN98FutADA,63,125
564,IN345DemFAN,64,228
565,IN55CloGpu,65,195
566,IN345RocRAM,66,74
567,IN62OnHDD,67,281
568,IN345TotFAN,68,84
569,IN33DroSCNR,69,92
570,IN32Wr-Key,70,133
571,IN45OnPntr,71,37
572,IN56MeSSD,72,351
573,IN55TerGpu,73,207
574,IN32Ac-Key,74,101
575,IN34EmpMtr,75,356
576,IN98KeeADA,76,359
577,IN33AlwWEB,77,243
578,IN34FulMtr,78,228
579,IN34OthMtr,79,69
580,IN452LeaGraph,80,142
581,IN10OnCPU,81,228
582,IN452KeeGraph,82,169
583,IN45InPntr,83,74
584,IN678CuRotr,84,41
585,IN68ParPROCESR,85,237
586,IN33StrWEB,86,197
587,IN32Li-Key,87,378
588,IN12TeaMou,88,298
589,IN45Casply,89,433
590,IN678UnRotr,90,328
591,IN453Meedriv,91,410
592,IN34SenMtr,92,214
593,IN678CaRotr,93,359
594,IN32Wh-Key,94,22
595,IN34GovMtr,95,161
596,IN98NeaADA,96,134
597,IN678EvRotr,97,26
598,IN34ThiMtr,98,97
599,IN34HeaMtr,99,34
600,IN98Be ADA,100,66
601,IN98FasADA,1,76
602,IN345UsuRAM,2,98
603,IN10CoCPU,3,292
604,IN34IntMtr,4,241
605,IN34SucMtr,5,255
606,IN44HuMtrbrd,6,347
607,IN45Clsply,7,72
608,IN378ReaMDM,8,373
609,IN44SaMtrbrd,9,261
610,IN33ParSCNR,10,286
611,IN12FacMou,11,12
612,IN45MePntr,12,161
613,IN44PuMtrbrd,13,395
614,IN55FulGpu,14,203
615,IN12LatMou,15,108
616,IN68ManPROCESR,16,87
617,IN12AnyMou,17,212
618,IN678RaRotr,18,31
619,IN32Re-Key,19,349
620,IN62ReHDD,20,177
621,IN378EcoMDM,21,422
622,IN56TuSSD,22,143
623,IN345AllRAM,23,239
624,IN45UpPntr,24,247
625,IN33AllWEB,25,111
626,IN453Hotdriv,26,35
627,IN452AssGraph,27,435
628,IN32Ap-Key,28,470
629,IN56StSSD,29,323
630,IN56AdSSD,30,237
631,IN32We-Key,31,47
632,IN345AskFAN,32,249
633,IN68IndPROCESR,33,167
634,IN33SucWEB,34,167
635,IN34BilMtr,35,377
636,IN55CenGpu,36,115
637,IN45Lesply,37,18
638,IN10ReCPU,38,60
639,IN345GirRAM,39,8
640,IN32St-Key,40,282
641,IN45Stsply,41,73
642,IN62AgHDD,42,269
643,IN45Spsply,43,352
644,IN378AnoMDM,44,22
645,IN45Resply,45,459
646,IN55EarGpu,46,184
647,IN452AttGraph,47,362
648,IN453Me driv,48,249
649,IN12AffMou,49,352
650,IN678YeRotr,50,444
651,IN44TeMtrbrd,51,268
652,IN12PopMou,52,355
653,IN45PrPntr,53,199
654,IN45Sosply,54,201
655,IN33CouSCNR,55,359
656,IN12WheMou,56,266
657,IN452BigGraph,57,43
658,IN32Pr-Key,58,57
659,IN98FutADA,59,56
660,IN345DemFAN,60,306
661,IN55CloGpu,61,364
662,IN345RocRAM,62,257
663,IN62OnHDD,63,42
664,IN345TotFAN,64,238
665,IN33DroSCNR,65,470
666,IN32Wr-Key,66,489
667,IN45OnPntr,67,303
668,IN56MeSSD,68,120
669,IN55TerGpu,69,492
670,IN32Ac-Key,70,365
671,IN34EmpMtr,71,470
672,IN98KeeADA,72,106
673,IN33AlwWEB,73,270
674,IN34FulMtr,74,255
675,IN34OthMtr,75,351
676,IN452LeaGraph,76,18
677,IN10OnCPU,77,386
678,IN452KeeGraph,78,409
679,IN45InPntr,79,296
680,IN678CuRotr,80,86
681,IN68ParPROCESR,81,438
682,IN33StrWEB,82,415
683,IN32Li-Key,83,195
684,IN12TeaMou,84,285
685,IN45Casply,85,223
686,IN678UnRotr,86,114
687,IN453Meedriv,87,484
688,IN34SenMtr,88,192
689,IN678CaRotr,89,148
690,IN32Wh-Key,90,470
691,IN34GovMtr,91,296
692,IN98NeaADA,92,452
693,IN678EvRotr,93,195
694,IN34ThiMtr,94,31
695,IN34HeaMtr,95,343
696,IN98Be ADA,96,88
697,IN98FasADA,97,430
698,IN345UsuRAM,98,437
699,IN10CoCPU,99,339
700,IN34IntMtr,100,72
701,IN34SucMtr,1,324
702,IN44HuMtrbrd,2,86
703,IN45Clsply,3,159
704,IN378ReaMDM,4,254
705,IN44SaMtrbrd,5,453
706,IN33ParSCNR,6,37
707,IN12FacMou,7,274
708,IN45MePntr,8,4
709,IN44PuMtrbrd,9,149
710,IN55FulGpu,10,276
711,IN12LatMou,11,279
712,IN68ManPROCESR,12,360
713,IN12AnyMou,13,465
714,IN678RaRotr,14,124
715,IN32Re-Key,15,406
716,IN62ReHDD,16,77
717,IN378EcoMDM,17,282
718,IN56TuSSD,18,304
719,IN345AllRAM,19,300
720,IN45UpPntr,20,272
721,IN33AllWEB,21,17
722,IN453Hotdriv,22,362
723,IN452AssGraph,23,437
724,IN32Ap-Key,24,161
725,IN56StSSD,25,112
726,IN56AdSSD,26,156
727,IN32We-Key,27,293
728,IN345AskFAN,28,347
729,IN68IndPROCESR,29,137
730,IN33SucWEB,30,108
731,IN34BilMtr,31,360
732,IN55CenGpu,32,31
733,IN45Lesply,33,245
734,IN10ReCPU,34,181
735,IN345GirRAM,35,310
736,IN32St-Key,36,115
737,IN45Stsply,37,195
738,IN62AgHDD,38,451
739,IN45Spsply,39,145
740,IN378AnoMDM,40,385
741,IN45Resply,41,396
742,IN55EarGpu,42,334
743,IN452AttGraph,43,243
744,IN453Me driv,44,30
745,IN12AffMou,45,473
746,IN678YeRotr,46,57
747,IN44TeMtrbrd,47,218
748,IN12PopMou,48,277
749,IN45PrPntr,49,79
750,IN45Sosply,50,312
751,IN33CouSCNR,51,76
752,IN12WheMou,52,440
753,IN452BigGraph,53,446
754,IN32Pr-Key,54,41
755,IN98FutADA,55,459
756,IN345DemFAN,56,353
757,IN55CloGpu,57,9
758,IN345RocRAM,58,344
759,IN62OnHDD,59,231
760,IN345TotFAN,60,237
761,IN33DroSCNR,61,172
762,IN32Wr-Key,62,467
763,IN45OnPntr,63,104
764,IN56MeSSD,64,197
765,IN55TerGpu,65,104
766,IN32Ac-Key,66,446
767,IN34EmpMtr,67,366
768,IN98KeeADA,68,128
769,IN33AlwWEB,69,281
770,IN34FulMtr,70,141
771,IN34OthMtr,71,135
772,IN452LeaGraph,72,21
773,IN10OnCPU,73,112
774,IN452KeeGraph,74,190
775,IN45InPntr,75,233
776,IN678CuRotr,76,39
777,IN68ParPROCESR,77,276
778,IN33StrWEB,78,235
779,IN32Li-Key,79,294
780,IN12TeaMou,80,358
781,IN45Casply,81,99
782,IN678UnRotr,82,65
783,IN453Meedriv,83,440
784,IN34SenMtr,84,310
785,IN678CaRotr,85,93
786,IN32Wh-Key,86,171
787,IN34GovMtr,87,36
788,IN98NeaADA,88,212
789,IN678EvRotr,89,486
790,IN34ThiMtr,90,140
791,IN34HeaMtr,91,233
792,IN98Be ADA,92,384
793,IN98FasADA,93,36
794,IN345UsuRAM,94,199
795,IN10CoCPU,95,227
796,IN34IntMtr,96,466
797,IN34SucMtr,97,305
798,IN44HuMtrbrd,98,89
799,IN45Clsply,99,444
800,IN378ReaMDM,100,116
801,IN44SaMtrbrd,1,207
802,IN33ParSCNR,2,227
803,IN12FacMou,3,106
804,IN45MePntr,4,403
805,IN44PuMtrbrd,5,237
806,IN55FulGpu,6,129
807,IN12LatMou,7,92
808,IN68ManPROCESR,8,195
809,IN12AnyMou,9,339
810,IN678RaRotr,10,250
811,IN32Re-Key,11,216
812,IN62ReHDD,12,356
813,IN378EcoMDM,13,209
814,IN56TuSSD,14,12
815,IN345AllRAM,15,161
816,IN45UpPntr,16,472
817,IN33AllWEB,17,324
818,IN453Hotdriv,18,72
819,IN452AssGraph,19,264
820,IN32Ap-Key,20,159
821,IN56StSSD,21,417
822,IN56AdSSD,22,222
823,IN32We-Key,23,147
824,IN345AskFAN,24,291
825,IN68IndPROCESR,25,12
826,IN33SucWEB,26,335
827,IN34BilMtr,27,165
828,IN55CenGpu,28,140
829,IN45Lesply,29,321
830,IN10ReCPU,30,487
831,IN345GirRAM,31,37
832,IN32St-Key,32,26
833,IN45Stsply,33,334
834,IN62AgHDD,34,177
835,IN45Spsply,35,98
836,IN378AnoMDM,36,274
837,IN45Resply,37,79
838,IN55EarGpu,38,81
839,IN452AttGraph,39,137
840,IN453Me driv,40,448
841,IN12AffMou,41,357
842,IN678YeRotr,42,395
843,IN44TeMtrbrd,43,300
844,IN12PopMou,44,77
845,IN45PrPntr,45,201
846,IN45Sosply,46,362
847,IN33CouSCNR,47,450
848,IN12WheMou,48,491
849,IN452BigGraph,49,318
850,IN32Pr-Key,50,398
851,IN98FutADA,51,12
852,IN345DemFAN,52,234
853,IN55CloGpu,53,108
854,IN345RocRAM,54,396
855,IN62OnHDD,55,427
856,IN345TotFAN,56,53
857,IN33DroSCNR,57,446
858,IN32Wr-Key,58,374
859,IN45OnPntr,59,125
860,IN56MeSSD,60,120
861,IN55TerGpu,61,206
862,IN32Ac-Key,62,281
863,IN34EmpMtr,63,135
864,IN98KeeADA,64,484
865,IN33AlwWEB,65,170
866,IN34FulMtr,66,467
867,IN34OthMtr,67,327
868,IN452LeaGraph,68,207
869,IN10OnCPU,69,193
870,IN452KeeGraph,70,2
871,IN45InPntr,71,264
872,IN678CuRotr,72,195
873,IN68ParPROCESR,73,82
874,IN33StrWEB,74,113
875,IN32Li-Key,75,480
876,IN12TeaMou,76,227
877,IN45Casply,77,384
878,IN678UnRotr,78,491
879,IN453Meedriv,79,317
880,IN34SenMtr,80,144
881,IN678CaRotr,81,390
882,IN32Wh-Key,82,52
883,IN34GovMtr,83,37
884,IN98NeaADA,84,417
885,IN678EvRotr,85,425
886,IN34ThiMtr,86,41
887,IN34HeaMtr,87,442
888,IN98Be ADA,88,216
889,IN98FasADA,89,308
890,IN345UsuRAM,90,477
891,IN10CoCPU,91,284
892,IN34IntMtr,92,280
893,IN34SucMtr,93,296
894,IN44HuMtrbrd,94,265
895,IN45Clsply,95,206
896,IN378ReaMDM,96,399
897,IN44SaMtrbrd,97,193
898,IN33ParSCNR,98,488
899,IN12FacMou,99,76
900,IN45MePntr,100,229
901,IN44PuMtrbrd,1,22
902,IN55FulGpu,2,288
903,IN12LatMou,3,310
904,IN68ManPROCESR,4,38
905,IN12AnyMou,5,105
906,IN678RaRotr,6,439
907,IN32Re-Key,7,287
908,IN62ReHDD,8,283
909,IN378EcoMDM,9,470
910,IN56TuSSD,10,42
911,IN345AllRAM,11,262
912,IN45UpPntr,12,442
913,IN33AllWEB,13,156
914,IN453Hotdriv,14,28
915,IN452AssGraph,15,216
916,IN32Ap-Key,16,269
917,IN56StSSD,17,53
918,IN56AdSSD,18,210
919,IN32We-Key,19,74
920,IN345AskFAN,20,342
921,IN68IndPROCESR,21,495
922,IN33SucWEB,22,368
923,IN34BilMtr,23,222
924,IN55CenGpu,24,302
925,IN45Lesply,25,125
926,IN10ReCPU,26,230
927,IN345GirRAM,27,109
928,IN32St-Key,28,82
929,IN45Stsply,29,408
930,IN62AgHDD,30,297
931,IN45Spsply,31,33
932,IN378AnoMDM,32,221
933,IN45Resply,33,143
934,IN55EarGpu,34,196
935,IN452AttGraph,35,329
936,IN453Me driv,36,273
937,IN12AffMou,37,175
938,IN678YeRotr,38,191
939,IN44TeMtrbrd,39,27
940,IN12PopMou,40,45
941,IN45PrPntr,41,467
942,IN45Sosply,42,492
943,IN33CouSCNR,43,96
944,IN12WheMou,44,370
945,IN452BigGraph,45,86
946,IN32Pr-Key,46,69
947,IN98FutADA,47,498
948,IN345DemFAN,48,408
949,IN55CloGpu,49,197
950,IN345RocRAM,50,151
951,IN62OnHDD,51,466
952,IN345TotFAN,52,267
953,IN33DroSCNR,53,35
954,IN32Wr-Key,54,28
955,IN45OnPntr,55,200
956,IN56MeSSD,56,194
957,IN55TerGpu,57,413
958,IN32Ac-Key,58,30
959,IN34EmpMtr,59,497
960,IN98KeeADA,60,12
961,IN33AlwWEB,61,442
962,IN34FulMtr,62,438
963,IN34OthMtr,63,150
964,IN452LeaGraph,64,371
965,IN10OnCPU,65,167
966,IN452KeeGraph,66,53
967,IN45InPntr,67,353
968,IN678CuRotr,68,415
969,IN68ParPROCESR,69,202
970,IN33StrWEB,70,91
971,IN32Li-Key,71,286
972,IN12TeaMou,72,16
973,IN45Casply,73,76
974,IN678UnRotr,74,459
975,IN453Meedriv,75,358
976,IN34SenMtr,76,205
977,IN678CaRotr,77,318
978,IN32Wh-Key,78,148
979,IN34GovMtr,79,394
980,IN98NeaADA,80,65
981,IN678EvRotr,81,90
982,IN34ThiMtr,82,352
983,IN34HeaMtr,83,121
984,IN98Be ADA,84,406
985,IN98FasADA,85,397
986,IN345UsuRAM,86,20
987,IN10CoCPU,87,38
988,IN34IntMtr,88,220
989,IN34SucMtr,89,2
990,IN44HuMtrbrd,90,142
991,IN45Clsply,91,203
992,IN378ReaMDM,92,404
993,IN44SaMtrbrd,93,375
994,IN33ParSCNR,94,431
995,IN12FacMou,95,49
996,IN45MePntr,96,115
997,IN44PuMtrbrd,97,465
998,IN55FulGpu,98,396
999,IN12LatMou,99,7
1000,IN68ManPROCESR,100,466
